test,cfg,sc,round,qps,save_ms
write_qps,kv_off,100w,1,122070.30,
save_lat,kv_off,100w,1,,135
write_qps,kv_off,10w,1,122100.12,
write_qps,kv_off,10w,2,123609.39,
write_qps,kv_off,10w,3,123304.56,
write_qps,kv_off,10w,4,126422.25,
write_qps,kv_off,10w,5,126103.41,
write_qps,kv_off,10w,6,125156.45,
write_qps,kv_off,10w,7,122699.39,
write_qps,kv_off,10w,8,113250.28,
write_qps,kv_off,10w,9,122399.02,
write_qps,kv_off,10w,10,121359.23,
save_lat,kv_off,10w,1,,12
save_lat,kv_off,10w,2,,13
save_lat,kv_off,10w,3,,13
save_lat,kv_off,10w,4,,13
save_lat,kv_off,10w,5,,13
save_lat,kv_off,10w,6,,14
save_lat,kv_off,10w,7,,13
save_lat,kv_off,10w,8,,23
save_lat,kv_off,10w,9,,12
save_lat,kv_off,10w,10,,14
write_qps,kv_off,1w,1,116279.06,
write_qps,kv_off,1w,2,125000.00,
write_qps,kv_off,1w,3,129870.13,
write_qps,kv_off,1w,4,121951.22,
write_qps,kv_off,1w,5,123456.79,
write_qps,kv_off,1w,6,128205.12,
write_qps,kv_off,1w,7,131578.95,
write_qps,kv_off,1w,8,125000.00,
write_qps,kv_off,1w,9,128205.12,
write_qps,kv_off,1w,10,128205.12,
save_lat,kv_off,1w,1,,5
save_lat,kv_off,1w,2,,5
save_lat,kv_off,1w,3,,13
save_lat,kv_off,1w,4,,5
save_lat,kv_off,1w,5,,6
save_lat,kv_off,1w,6,,5
save_lat,kv_off,1w,7,,5
save_lat,kv_off,1w,8,,4
save_lat,kv_off,1w,9,,5
save_lat,kv_off,1w,10,,15
write_qps,kv_off,1k,1,124999.99,
write_qps,kv_off,1k,2,124999.99,
write_qps,kv_off,1k,3,142857.14,
write_qps,kv_off,1k,4,124999.99,
write_qps,kv_off,1k,5,124999.99,
write_qps,kv_off,1k,6,142857.14,
write_qps,kv_off,1k,7,124999.99,
write_qps,kv_off,1k,8,142857.14,
write_qps,kv_off,1k,9,124999.99,
write_qps,kv_off,1k,10,111111.12,
save_lat,kv_off,1k,1,,4
save_lat,kv_off,1k,2,,4
save_lat,kv_off,1k,3,,4
save_lat,kv_off,1k,4,,4
save_lat,kv_off,1k,5,,4
save_lat,kv_off,1k,6,,4
save_lat,kv_off,1k,7,,6
save_lat,kv_off,1k,8,,4
save_lat,kv_off,1k,9,,4
save_lat,kv_off,1k,10,,5
write_qps,kv_always,100w,1,47209.90,
save_lat,kv_always,100w,1,,191
write_qps,kv_always,10w,1,52137.64,
write_qps,kv_always,10w,2,53219.80,
write_qps,kv_always,10w,3,52882.07,
write_qps,kv_always,10w,4,52603.89,
write_qps,kv_always,10w,5,51098.62,
write_qps,kv_always,10w,6,50276.52,
write_qps,kv_always,10w,7,51975.05,
write_qps,kv_always,10w,8,49677.10,
write_qps,kv_always,10w,9,53134.96,
write_qps,kv_always,10w,10,49067.71,
save_lat,kv_always,10w,1,,13
save_lat,kv_always,10w,2,,14
save_lat,kv_always,10w,3,,13
save_lat,kv_always,10w,4,,13
save_lat,kv_always,10w,5,,13
save_lat,kv_always,10w,6,,13
save_lat,kv_always,10w,7,,12
save_lat,kv_always,10w,8,,12
save_lat,kv_always,10w,9,,13
save_lat,kv_always,10w,10,,13
write_qps,kv_always,1w,1,41322.31,
write_qps,kv_always,1w,2,43859.65,
write_qps,kv_always,1w,3,48309.18,
write_qps,kv_always,1w,4,42016.80,
write_qps,kv_always,1w,5,47846.89,
write_qps,kv_always,1w,6,44843.05,
write_qps,kv_always,1w,7,40160.64,
write_qps,kv_always,1w,8,46511.63,
write_qps,kv_always,1w,9,45248.87,
write_qps,kv_always,1w,10,50000.00,
save_lat,kv_always,1w,1,,4
save_lat,kv_always,1w,2,,4
save_lat,kv_always,1w,3,,5
save_lat,kv_always,1w,4,,5
save_lat,kv_always,1w,5,,5
save_lat,kv_always,1w,6,,5
save_lat,kv_always,1w,7,,5
save_lat,kv_always,1w,8,,5
save_lat,kv_always,1w,9,,5
save_lat,kv_always,1w,10,,5
write_qps,kv_always,1k,1,41666.67,
write_qps,kv_always,1k,2,37037.04,
write_qps,kv_always,1k,3,47619.05,
write_qps,kv_always,1k,4,37037.04,
write_qps,kv_always,1k,5,33333.34,
write_qps,kv_always,1k,6,40000.00,
write_qps,kv_always,1k,7,33333.34,
write_qps,kv_always,1k,8,45454.55,
write_qps,kv_always,1k,9,45454.55,
write_qps,kv_always,1k,10,45454.55,
save_lat,kv_always,1k,1,,4
save_lat,kv_always,1k,2,,4
save_lat,kv_always,1k,3,,4
save_lat,kv_always,1k,4,,4
save_lat,kv_always,1k,5,,4
save_lat,kv_always,1k,6,,4
save_lat,kv_always,1k,7,,4
save_lat,kv_always,1k,8,,4
save_lat,kv_always,1k,9,,4
save_lat,kv_always,1k,10,,4
write_qps,rd_off,100w,1,119631.53,
save_lat,rd_off,100w,1,,697
write_qps,rd_off,10w,1,114810.56,
write_qps,rd_off,10w,2,116414.43,
write_qps,rd_off,10w,3,114285.71,
write_qps,rd_off,10w,4,113507.38,
write_qps,rd_off,10w,5,116279.07,
write_qps,rd_off,10w,6,116414.43,
write_qps,rd_off,10w,7,119189.52,
write_qps,rd_off,10w,8,117508.81,
write_qps,rd_off,10w,9,117096.02,
write_qps,rd_off,10w,10,117096.02,
save_lat,rd_off,10w,1,,50
save_lat,rd_off,10w,2,,50
save_lat,rd_off,10w,3,,52
save_lat,rd_off,10w,4,,49
save_lat,rd_off,10w,5,,50
save_lat,rd_off,10w,6,,54
save_lat,rd_off,10w,7,,50
save_lat,rd_off,10w,8,,54
save_lat,rd_off,10w,9,,51
save_lat,rd_off,10w,10,,49
write_qps,rd_off,1w,1,109890.11,
write_qps,rd_off,1w,2,111111.11,
write_qps,rd_off,1w,3,108695.65,
write_qps,rd_off,1w,4,114942.53,
write_qps,rd_off,1w,5,112359.55,
write_qps,rd_off,1w,6,112359.55,
write_qps,rd_off,1w,7,114942.53,
write_qps,rd_off,1w,8,111111.11,
write_qps,rd_off,1w,9,113636.37,
write_qps,rd_off,1w,10,119047.62,
save_lat,rd_off,1w,1,,8
save_lat,rd_off,1w,2,,9
save_lat,rd_off,1w,3,,8
save_lat,rd_off,1w,4,,9
save_lat,rd_off,1w,5,,8
save_lat,rd_off,1w,6,,10
save_lat,rd_off,1w,7,,7
save_lat,rd_off,1w,8,,7
save_lat,rd_off,1w,9,,9
save_lat,rd_off,1w,10,,8
write_qps,rd_off,1k,1,111111.12,
write_qps,rd_off,1k,2,124999.99,
write_qps,rd_off,1k,3,111111.12,
write_qps,rd_off,1k,4,124999.99,
write_qps,rd_off,1k,5,111111.12,
write_qps,rd_off,1k,6,124999.99,
write_qps,rd_off,1k,7,124999.99,
write_qps,rd_off,1k,8,111111.12,
write_qps,rd_off,1k,9,111111.12,
write_qps,rd_off,1k,10,124999.99,
save_lat,rd_off,1k,1,,4
save_lat,rd_off,1k,2,,4
save_lat,rd_off,1k,3,,4
save_lat,rd_off,1k,4,,4
save_lat,rd_off,1k,5,,4
save_lat,rd_off,1k,6,,4
save_lat,rd_off,1k,7,,4
save_lat,rd_off,1k,8,,4
save_lat,rd_off,1k,9,,4
save_lat,rd_off,1k,10,,4
write_qps,rd_always,100w,1,44599.05,
save_lat,rd_always,100w,1,,752
write_qps,rd_always,10w,1,45955.88,
write_qps,rd_always,10w,2,45289.86,
write_qps,rd_always,10w,3,45934.77,
write_qps,rd_always,10w,4,45641.26,
write_qps,rd_always,10w,5,46232.08,
write_qps,rd_always,10w,6,46019.32,
write_qps,rd_always,10w,7,45977.01,
write_qps,rd_always,10w,8,44464.20,
write_qps,rd_always,10w,9,42354.93,
write_qps,rd_always,10w,10,45787.55,
save_lat,rd_always,10w,1,,50
save_lat,rd_always,10w,2,,48
save_lat,rd_always,10w,3,,48
save_lat,rd_always,10w,4,,47
save_lat,rd_always,10w,5,,48
save_lat,rd_always,10w,6,,48
save_lat,rd_always,10w,7,,57
save_lat,rd_always,10w,8,,47
save_lat,rd_always,10w,9,,50
save_lat,rd_always,10w,10,,52
write_qps,rd_always,1w,1,47169.81,
write_qps,rd_always,1w,2,47169.81,
write_qps,rd_always,1w,3,46728.97,
write_qps,rd_always,1w,4,46948.36,
write_qps,rd_always,1w,5,46511.63,
write_qps,rd_always,1w,6,46511.63,
write_qps,rd_always,1w,7,46511.63,
write_qps,rd_always,1w,8,46296.30,
write_qps,rd_always,1w,9,45045.04,
write_qps,rd_always,1w,10,47169.81,
save_lat,rd_always,1w,1,,7
save_lat,rd_always,1w,2,,7
save_lat,rd_always,1w,3,,9
save_lat,rd_always,1w,4,,8
save_lat,rd_always,1w,5,,8
save_lat,rd_always,1w,6,,8
save_lat,rd_always,1w,7,,7
save_lat,rd_always,1w,8,,7
save_lat,rd_always,1w,9,,8
save_lat,rd_always,1w,10,,7
write_qps,rd_always,1k,1,40000.00,
write_qps,rd_always,1k,2,45454.55,
write_qps,rd_always,1k,3,45454.55,
write_qps,rd_always,1k,4,45454.55,
write_qps,rd_always,1k,5,41666.67,
write_qps,rd_always,1k,6,43478.26,
write_qps,rd_always,1k,7,45454.55,
write_qps,rd_always,1k,8,43478.26,
write_qps,rd_always,1k,9,45454.55,
write_qps,rd_always,1k,10,47619.05,
save_lat,rd_always,1k,1,,4
save_lat,rd_always,1k,2,,4
save_lat,rd_always,1k,3,,3
save_lat,rd_always,1k,4,,4
save_lat,rd_always,1k,5,,3
save_lat,rd_always,1k,6,,4
save_lat,rd_always,1k,7,,4
save_lat,rd_always,1k,8,,4
save_lat,rd_always,1k,9,,3
save_lat,rd_always,1k,10,,4
